{
    "rmse": 0.6817193915649387,
    "mae": 0.5280455279580071,
    "r2": 0.3095508411295943
}